URL,Version,Status,OIDs,Name,Title,Description,Uses,Used,Sources
http://hl7.org/fhir/ValueSet/address-type,4.0.1,active,"2.16.840.1.113883.4.642.3.69",AddressType,AddressType,"The type of an address (physical / postal).","StructureDefinition/agrosus-patient","hl7.fhir.r4.core"
http://hl7.org/fhir/ValueSet/address-use,4.0.1,active,"2.16.840.1.113883.4.642.3.67",AddressUse,AddressUse,"The use of an address.","StructureDefinition/agrosus-patient","hl7.fhir.r4.core"
http://hl7.org/fhir/ValueSet/administrative-gender,4.0.1,active,"2.16.840.1.113883.4.642.3.1",AdministrativeGender,AdministrativeGender,"The gender of a person used for administrative purposes.","StructureDefinition/agrosus-acs,StructureDefinition/agrosus-patient,StructureDefinition/agrosus-profissional-ubs","hl7.fhir.r4.core"
http://hl7.org/fhir/ValueSet/audit-entity-type,4.0.1,draft,"2.16.840.1.113883.4.642.3.458",AuditEventEntityType,Audit event entity type,"Code for the entity type involved in the audit event.","StructureDefinition/agrosus-audit-event","THO,hl7.fhir.r4.core"
http://hl7.org/fhir/ValueSet/audit-event-action,4.0.1,draft,"2.16.840.1.113883.4.642.3.452",AuditEventAction,AuditEventAction,"Indicator for type of action performed during the event that generated the event.","StructureDefinition/agrosus-audit-event","hl7.fhir.r4.core"
http://hl7.org/fhir/ValueSet/audit-event-outcome,4.0.1,draft,"2.16.840.1.113883.4.642.3.454",AuditEventOutcome,AuditEventOutcome,"Indicates whether the event succeeded or failed.","StructureDefinition/agrosus-audit-event","hl7.fhir.r4.core"
http://hl7.org/fhir/ValueSet/audit-event-sub-type,4.0.1,active,"2.16.840.1.113883.4.642.3.464",AuditEventSub-Type,Audit Event Sub-Type,"More detailed code concerning the type of the audit event - defined by DICOM with some FHIR specific additions.","StructureDefinition/agrosus-audit-event","DICOM,hl7.fhir.r4.core"
http://hl7.org/fhir/ValueSet/audit-event-type,4.0.1,active,"2.16.840.1.113883.4.642.3.462",AuditEventID,Audit Event ID,"Event Types for Audit Events - defined by DICOM with some FHIR specific additions.","StructureDefinition/agrosus-audit-event","THO,DICOM"
http://hl7.org/fhir/ValueSet/audit-source-type,4.0.1,active,"2.16.840.1.113883.4.642.3.466",AuditEventSourceType,Audit Event Source Type,"The type of process where the audit event originated from.","StructureDefinition/agrosus-audit-event","THO"
http://hl7.org/fhir/ValueSet/body-site,4.0.1,draft,"2.16.840.1.113883.4.642.3.141",SNOMEDCTBodyStructures,SNOMED CT Body Structures,"This value set includes all codes from [SNOMED CT](http://snomed.info/sct) where concept is-a 442083009 (Anatomical or acquired body site (body structure)).","StructureDefinition/agrosus-resultado-laboratorial,StructureDefinition/agrosus-solicitacao-exame,StructureDefinition/agrosus-intoxicacao-pesticida","SCT"
http://hl7.org/fhir/ValueSet/bundle-type,4.0.1,active,"2.16.840.1.113883.4.642.3.620",BundleType,BundleType,"Indicates the purpose of a bundle - how it is intended to be used.","StructureDefinition/agrosus-transacao-visita","hl7.fhir.r4.core"
http://hl7.org/fhir/ValueSet/care-plan-activity-kind,4.0.1,draft,"2.16.840.1.113883.4.642.3.145",CarePlanActivityKind,Care Plan Activity Kind,"Resource types defined as part of FHIR that can be represented as in-line definitions of a care plan activity.","StructureDefinition/agrosus-plano-acompanhamento","hl7.fhir.r4.core"
http://hl7.org/fhir/ValueSet/care-plan-activity-outcome,4.0.1,draft,"2.16.840.1.113883.4.642.3.149",CarePlanActivityOutcome,Care Plan Activity Outcome,"Example codes indicating the outcome of a care plan activity. Note that these are in no way complete and might not even be appropriate for some uses.","StructureDefinition/agrosus-plano-acompanhamento","SCT"
http://hl7.org/fhir/ValueSet/care-plan-activity-status,4.0.1,draft,"2.16.840.1.113883.4.642.3.146",CarePlanActivityStatus,CarePlanActivityStatus,"Codes that reflect the current state of a care plan activity within its overall life cycle.","StructureDefinition/agrosus-plano-acompanhamento","hl7.fhir.r4.core"
http://hl7.org/fhir/ValueSet/care-plan-intent,4.0.1,draft,"2.16.840.1.113883.4.642.3.150",CarePlanIntent,Care Plan Intent,"Codes indicating the degree of authority/intentionality associated with a care plan.","StructureDefinition/agrosus-plano-acompanhamento","hl7.fhir.r4.core"
http://hl7.org/fhir/ValueSet/clinical-findings,4.0.1,draft,"2.16.840.1.113883.4.642.3.232",SNOMEDCTClinicalFindings,SNOMED CT Clinical Findings,"This value set includes all the ""Clinical finding"" [SNOMED CT](http://snomed.info/sct) codes - concepts where concept is-a 404684003 (Clinical finding (finding)).","StructureDefinition/agrosus-plano-acompanhamento,StructureDefinition/agrosus-laudo-laboratorial","SCT"
http://hl7.org/fhir/ValueSet/condition-category,4.0.1,draft,"2.16.840.1.113883.4.642.3.162",ConditionCategoryCodes,Condition Category Codes,"Preferred value set for Condition Categories.","StructureDefinition/agrosus-intoxicacao-pesticida","THO"
http://hl7.org/fhir/ValueSet/condition-clinical,4.0.1,draft,"2.16.840.1.113883.4.642.3.164",ConditionClinicalStatusCodes,Condition Clinical Status Codes,"Preferred value set for Condition Clinical Status.","StructureDefinition/agrosus-intoxicacao-pesticida","THO"
http://hl7.org/fhir/ValueSet/condition-severity,4.0.1,draft,"2.16.840.1.113883.4.642.3.168",Condition/DiagnosisSeverity,Condition/Diagnosis Severity,"Preferred value set for Condition/Diagnosis severity grading.","StructureDefinition/agrosus-intoxicacao-pesticida","SCT"
http://hl7.org/fhir/ValueSet/condition-stage,4.0.1,draft,"2.16.840.1.113883.4.642.3.170",ConditionStage,Condition Stage,"Example value set for stages of cancer and other conditions.","StructureDefinition/agrosus-intoxicacao-pesticida","SCT"
http://hl7.org/fhir/ValueSet/condition-stage-type,4.0.1,draft,"2.16.840.1.113883.4.642.3.171",ConditionStageType,Condition Stage Type,"Example value set for the type of stages of cancer and other conditions","StructureDefinition/agrosus-intoxicacao-pesticida","SCT"
http://hl7.org/fhir/ValueSet/condition-ver-status,4.0.1,draft,"2.16.840.1.113883.4.642.3.166",ConditionVerificationStatus,ConditionVerificationStatus,"The verification status to support or decline the clinical status of the condition or diagnosis.","StructureDefinition/agrosus-intoxicacao-pesticida","THO"
http://hl7.org/fhir/ValueSet/contact-point-system,4.0.1,active,"2.16.840.1.113883.4.642.3.71",ContactPointSystem,ContactPointSystem,"Telecommunications form for contact point.","StructureDefinition/agrosus-patient","hl7.fhir.r4.core"
http://hl7.org/fhir/ValueSet/contact-point-use,4.0.1,active,"2.16.840.1.113883.4.642.3.73",ContactPointUse,ContactPointUse,"Use of contact point.","StructureDefinition/agrosus-patient","hl7.fhir.r4.core"
http://hl7.org/fhir/ValueSet/contactentity-type,4.0.1,draft,"2.16.840.1.113883.4.642.3.416",ContactEntityType,Contact entity type,"This example value set defines a set of codes that can be used to indicate the purpose for which you would contact a contact party.","StructureDefinition/agrosus-ubs,StructureDefinition/agrosus-laboratorio","THO"
http://hl7.org/fhir/ValueSet/data-absent-reason,4.0.1,active,"2.16.840.1.113883.4.642.3.5",DataAbsentReason,DataAbsentReason,"Used to specify why the normally expected content of the data element is missing.","StructureDefinition/agrosus-resultado-laboratorial","THO"
http://hl7.org/fhir/ValueSet/days-of-week,4.0.1,active,"2.16.840.1.113883.4.642.3.512",DaysOfWeek,DaysOfWeek,"The days of the week.","StructureDefinition/agrosus-acs-role,StructureDefinition/agrosus-profissional-ubs-role","hl7.fhir.r4.core"
http://hl7.org/fhir/ValueSet/diagnosis-role,4.0.1,draft,"2.16.840.1.113883.4.642.3.49",DiagnosisRole,DiagnosisRole,"This value set defines a set of codes that can be used to express the role of a diagnosis on the Encounter or EpisodeOfCare record.","StructureDefinition/agrosus-visita-acs,StructureDefinition/agrosus-atendimento-ubs","THO"
http://hl7.org/fhir/ValueSet/diagnostic-report-status,4.0.1,draft,"2.16.840.1.113883.4.642.3.235",DiagnosticReportStatus,DiagnosticReportStatus,"The status of the diagnostic report.","StructureDefinition/agrosus-laudo-laboratorial","hl7.fhir.r4.core"
http://hl7.org/fhir/ValueSet/dicm-405-mediatype,4.0.1,active,"1.2.840.10008.6.​1.​908",MediaTypeCode,Media Type Code,"Media Type Code","StructureDefinition/agrosus-audit-event","DICOM"
http://hl7.org/fhir/ValueSet/encounter-diet,4.0.1,draft,"2.16.840.1.113883.4.642.3.255",Diet,Diet,"This value set defines a set of codes that can be used to indicate dietary preferences or restrictions a patient may have.","StructureDefinition/agrosus-visita-acs,StructureDefinition/agrosus-atendimento-ubs","THO"
http://hl7.org/fhir/ValueSet/encounter-location-status,4.0.1,draft,"2.16.840.1.113883.4.642.3.262",EncounterLocationStatus,EncounterLocationStatus,"The status of the location.","StructureDefinition/agrosus-visita-acs,StructureDefinition/agrosus-atendimento-ubs","hl7.fhir.r4.core"
http://hl7.org/fhir/ValueSet/encounter-special-arrangements,4.0.1,draft,"2.16.840.1.113883.4.642.3.253",SpecialArrangements,Special arrangements,"This value set defines a set of codes that can be used to indicate the kinds of special arrangements in place for a patients visit.","StructureDefinition/agrosus-visita-acs,StructureDefinition/agrosus-atendimento-ubs","THO"
http://hl7.org/fhir/ValueSet/encounter-special-courtesy,4.0.1,draft,"2.16.840.1.113883.4.642.3.252",SpecialCourtesy,Special courtesy,"This value set defines a set of codes that can be used to indicate special courtesies provided to the patient.","StructureDefinition/agrosus-visita-acs,StructureDefinition/agrosus-atendimento-ubs","THO (V3)"
http://hl7.org/fhir/ValueSet/encounter-status,4.0.1,draft,"2.16.840.1.113883.4.642.3.246",EncounterStatus,EncounterStatus,"Current state of the encounter.","StructureDefinition/agrosus-visita-acs,StructureDefinition/agrosus-atendimento-ubs","hl7.fhir.r4.core"
http://hl7.org/fhir/ValueSet/http-verb,4.0.1,active,"2.16.840.1.113883.4.642.3.624",HTTPVerb,HTTPVerb,"HTTP verbs (in the HTTP command line). See [HTTP rfc](https://tools.ietf.org/html/rfc7231) for details.","StructureDefinition/agrosus-transacao-visita","hl7.fhir.r4.core"
http://hl7.org/fhir/ValueSet/identifier-type,4.0.1,active,"2.16.840.1.113883.4.642.3.45",Identifier Type Codes,IdentifierType,"A coded type for an identifier that can be used to determine which identifier to use for a specific purpose.","StructureDefinition/agrosus-visita-acs,StructureDefinition/agrosus-transacao-visita,StructureDefinition/agrosus-plano-acompanhamento,StructureDefinition/agrosus-anamnese-response,StructureDefinition/agrosus-atendimento-ubs,StructureDefinition/agrosus-solicitacao-exame,StructureDefinition/agrosus-laboratorio,StructureDefinition/agrosus-resultado-laboratorial,StructureDefinition/agrosus-ubs,StructureDefinition/agrosus-acs-role,StructureDefinition/agrosus-laudo-laboratorial,StructureDefinition/agrosus-profissional-ubs-role,StructureDefinition/agrosus-intoxicacao-pesticida","THO (V2)"
http://hl7.org/fhir/ValueSet/identifier-use,4.0.1,active,"2.16.840.1.113883.4.642.3.57",IdentifierUse,IdentifierUse,"Identifies the purpose for this identifier, if known .","StructureDefinition/agrosus-visita-acs,StructureDefinition/agrosus-transacao-visita,StructureDefinition/agrosus-acs,StructureDefinition/agrosus-plano-acompanhamento,StructureDefinition/agrosus-anamnese-response,StructureDefinition/agrosus-atendimento-ubs,StructureDefinition/agrosus-solicitacao-exame,StructureDefinition/agrosus-laboratorio,StructureDefinition/agrosus-resultado-laboratorial,StructureDefinition/agrosus-ubs,StructureDefinition/agrosus-acs-role,StructureDefinition/agrosus-laudo-laboratorial,StructureDefinition/agrosus-profissional-ubs-role,StructureDefinition/agrosus-patient,StructureDefinition/agrosus-intoxicacao-pesticida,StructureDefinition/agrosus-profissional-ubs","hl7.fhir.r4.core"
http://hl7.org/fhir/ValueSet/languages,4.0.1,draft,"2.16.840.1.113883.4.642.3.20",CommonLanguages,Common Languages,"This value set includes common codes from BCP-47 (http://tools.ietf.org/html/bcp47)","StructureDefinition/agrosus-visita-acs,StructureDefinition/agrosus-transacao-visita,StructureDefinition/agrosus-acs,StructureDefinition/agrosus-plano-acompanhamento,StructureDefinition/agrosus-anamnese-response,StructureDefinition/agrosus-atendimento-ubs,StructureDefinition/agrosus-solicitacao-exame,StructureDefinition/agrosus-laboratorio,StructureDefinition/agrosus-resultado-laboratorial,StructureDefinition/agrosus-ubs,StructureDefinition/agrosus-audit-event,StructureDefinition/agrosus-acs-role,StructureDefinition/agrosus-laudo-laboratorial,StructureDefinition/agrosus-provenance,StructureDefinition/agrosus-profissional-ubs-role,StructureDefinition/agrosus-patient,StructureDefinition/agrosus-intoxicacao-pesticida,StructureDefinition/agrosus-profissional-ubs","hl7.terminology.r4"
http://hl7.org/fhir/ValueSet/link-type,4.0.1,active,"2.16.840.1.113883.4.642.3.423",LinkType,LinkType,"The type of link between this patient resource and another patient resource.","StructureDefinition/agrosus-patient","hl7.fhir.r4.core"
http://hl7.org/fhir/ValueSet/location-physical-type,4.0.1,draft,"2.16.840.1.113883.4.642.3.328",LocationType,Location type,"This example value set defines a set of codes that can be used to indicate the physical form of the Location.","StructureDefinition/agrosus-visita-acs,StructureDefinition/agrosus-atendimento-ubs","THO"
http://hl7.org/fhir/ValueSet/manifestation-or-symptom,4.0.1,draft,"2.16.840.1.113883.4.642.3.169",ManifestationAndSymptomCodes,Manifestation and Symptom Codes,"Example value set for Manifestation and Symptom codes.","StructureDefinition/agrosus-intoxicacao-pesticida","SCT"
http://hl7.org/fhir/ValueSet/marital-status,4.0.1,active,"2.16.840.1.113883.4.642.3.29",Marital Status Codes,MaritalStatus,"This value set defines the set of codes that can be used to indicate the marital status of a person.","StructureDefinition/agrosus-patient","THO (V3)"
http://hl7.org/fhir/ValueSet/medication-as-needed-reason,4.0.1,draft,"2.16.840.1.113883.4.642.3.96",SNOMEDCTMedicationAsNeededReasonCodes,SNOMED CT Medication As Needed Reason Codes,"This value set includes all clinical findings from SNOMED CT - provided as an exemplar value set.","StructureDefinition/agrosus-solicitacao-exame","SCT"
http://hl7.org/fhir/ValueSet/medication-codes,4.0.1,draft,"2.16.840.1.113883.4.642.3.375",SNOMEDCTMedicationCodes,SNOMED CT Medication Codes,"This value set includes all drug or medicament substance codes and all pharmaceutical/biologic products from SNOMED CT - provided as an exemplar value set.","StructureDefinition/agrosus-plano-acompanhamento","SCT"
http://hl7.org/fhir/ValueSet/name-use,4.0.1,active,"2.16.840.1.113883.4.642.3.65",NameUse,NameUse,"The use of a human name.","StructureDefinition/agrosus-acs,StructureDefinition/agrosus-patient,StructureDefinition/agrosus-profissional-ubs","hl7.fhir.r4.core"
http://hl7.org/fhir/ValueSet/network-type,4.0.1,draft,"2.16.840.1.113883.4.642.3.456",AuditEventAgentNetworkType,AuditEventAgentNetworkType,"The type of network access point of this agent in the audit event.","StructureDefinition/agrosus-audit-event","hl7.fhir.r4.core"
http://hl7.org/fhir/ValueSet/object-lifecycle-events,4.0.1,draft,,ObjectLifecycleEvents,,"This example FHIR value set is comprised of lifecycle event codes. The FHIR Actor value set is based on    DICOM Audit Message, ParticipantObjectDataLifeCycle;   ISO Standard, TS 21089-2017;  ","StructureDefinition/agrosus-audit-event","THO"
http://hl7.org/fhir/ValueSet/object-role,4.0.1,draft,"2.16.840.1.113883.4.642.3.460",AuditEventEntityRole,AuditEventEntityRole,"Code representing the role the entity played in the audit event.","StructureDefinition/agrosus-audit-event","THO"
http://hl7.org/fhir/ValueSet/observation-category,4.0.1,draft,"2.16.840.1.113883.4.642.3.403",ObservationCategoryCodes,Observation Category Codes,"Observation Category codes.","StructureDefinition/agrosus-resultado-laboratorial","THO"
http://hl7.org/fhir/ValueSet/observation-codes,4.0.1,draft,"2.16.840.1.113883.4.642.3.396",LOINCCodes,LOINC Codes,"This value set includes all LOINC codes","StructureDefinition/agrosus-resultado-laboratorial","LOINC"
http://hl7.org/fhir/ValueSet/observation-interpretation,4.0.1,active,"2.16.840.1.113883.4.642.3.399",ObservationInterpretationCodes,Observation Interpretation Codes,"A categorical assessment, providing a rough qualitative interpretation of the observation value,    such as “normal”/ “abnormal”,”low” / “high”, “better” / “worse”, “susceptible” / “resistant”, “expected”/ “not expected”.    The value set is intended to be for ANY use where coded representation of an interpretation is needed.             Notes:          This is being communicated in v2.x in OBX-8 (Observation Interpretation), in v3 in ObservationInterpretation (CWE) in R1 (Representative Realm) and in FHIR in    Observation.interpretation. Historically these values come from the laboratory domain, and these codes are extensively    used. The value set binding is extensible, so codes outside the value set that are needed for interpretation concepts    (i.e. particular meanings) that are not included in the value set can be used, and these new codes may also be added to    the value set and published in a future version.","StructureDefinition/agrosus-resultado-laboratorial","THO (V3)"
http://hl7.org/fhir/ValueSet/observation-methods,4.0.1,draft,"2.16.840.1.113883.4.642.3.395",ObservationMethods,Observation Methods,"Observation Method codes from [SNOMED CT](http://snomed.info/sct) where concept is-a 272394005 (Technique (qualifier value)) or is-a 129264002 (Action (qualifier value)) or is-a 386053000 (Evaluation procedure(procedure))","StructureDefinition/agrosus-resultado-laboratorial","SCT"
http://hl7.org/fhir/ValueSet/observation-status,4.0.1,active,"2.16.840.1.113883.4.642.3.400",ObservationStatus,ObservationStatus,"Codes providing the status of an observation.","StructureDefinition/agrosus-resultado-laboratorial","hl7.fhir.r4.core"
http://hl7.org/fhir/ValueSet/participant-role,4.0.1,draft,"2.16.840.1.113883.4.642.3.152",ParticipantRoles,Participant Roles,"Roles of participants that may be included in a care team.  Defined as: Is a Person, Healthcare professional (occupation) or Healthcare related organization (qualifier value).","StructureDefinition/agrosus-solicitacao-exame","SCT"
http://hl7.org/fhir/ValueSet/participation-role-type,4.0.1,draft,"2.16.840.1.113883.4.642.3.54",ParticipationRoleType,ParticipationRoleType,"This FHIR value set is comprised of Actor participation Type codes, which can be used to value FHIR agents, actors, and other role         elements. The FHIR Actor participation type value set is based on    DICOM Audit Message, C402;   ASTM Standard, E1762-95 [2013]; selected codes and          derived actor roles from HL7 RoleClass OID 2.16.840.1.113883.5.110;    HL7 Role Code 2.16.840.1.113883.5.111, including AgentRoleType;          HL7 ParticipationType OID: 2.16.840.1.113883.5.90; and    HL7 ParticipationFunction codes OID: 2.16.840.1.113883.5.88.           This value set includes, by reference, role codes from external code systems: NUCC Health Care Provider Taxonomy OID: 2.16.840.1.113883.6.101;          North American Industry Classification System [NAICS]OID: 2.16.840.1.113883.6.85; IndustryClassificationSystem 2.16.840.1.113883.1.11.16039;          and US Census Occupation Code OID: 2.16.840.1.113883.6.243 for relevant recipient or custodian codes not included in this value set.            If no source is indicated in the definition comments, then these are example FHIR codes.","StructureDefinition/agrosus-audit-event","THO (V3),THO,DICOM"
http://hl7.org/fhir/ValueSet/patient-contactrelationship,4.0.1,active,"2.16.840.1.113883.4.642.3.1130",PatientContactRelationship,Patient Contact Relationship ,"The nature of the relationship between the patient and the contact person.","StructureDefinition/agrosus-patient","THO (V2)"
http://hl7.org/fhir/ValueSet/procedure-reason,4.0.1,draft,"2.16.840.1.113883.4.642.3.432",ProcedureReasonCodes,Procedure Reason Codes,"This example value set defines the set of codes that can be used to indicate a reason for a procedure.","StructureDefinition/agrosus-solicitacao-exame","SCT"
http://hl7.org/fhir/ValueSet/provenance-activity-type,4.0.1,draft,"2.16.840.1.113883.4.642.3.438",ProvenanceActivityType,Provenance activity type,"This value set contains representative Activity Type codes, which includes codes from the HL7 DocumentCompletion, ActStatus, and DataOperations code system, W3C PROV-DM and PROV-N concepts and display names, several HL7 Lifecycle Event codes for which there are agreed upon definitions, and non-duplicated codes from the HL7 Security and Privacy Ontology Operations codes.","StructureDefinition/agrosus-provenance","THO (V3)"
http://hl7.org/fhir/ValueSet/provenance-agent-type,4.0.1,draft,"2.16.840.1.113883.4.642.3.1003",ProvenanceParticipantType,Provenance participant type,"The type of participation a provenance participant.","StructureDefinition/agrosus-provenance","THO"
http://hl7.org/fhir/ValueSet/provenance-entity-role,4.0.1,draft,"2.16.840.1.113883.4.642.3.436",ProvenanceEntityRole,ProvenanceEntityRole,"How an entity was used in an activity.","StructureDefinition/agrosus-provenance","hl7.fhir.r4.core"
http://hl7.org/fhir/ValueSet/questionnaire-answers,4.0.1,draft,"2.16.840.1.113883.4.642.3.446",QuestionnaireAnswerCodes,Questionnaire Answer Codes,"Example list of codes for answers to questions. (Not complete or necessarily appropriate.)","StructureDefinition/agrosus-anamnese-response","SCT"
http://hl7.org/fhir/ValueSet/questionnaire-answers-status,4.0.1,draft,"required",QuestionnaireResponseStatus,QuestionnaireResponseStatus,"Lifecycle status of the questionnaire response.","StructureDefinition/agrosus-anamnese-response","hl7.fhir.r4.core"
http://hl7.org/fhir/ValueSet/referencerange-appliesto,4.0.1,draft,"2.16.840.1.113883.4.642.3.407",ObservationReferenceRangeAppliesToCodes,Observation Reference Range Applies To Codes,"This value set defines a set of codes that can be used to indicate the particular target population the reference range applies to.","StructureDefinition/agrosus-resultado-laboratorial","SCT"
http://hl7.org/fhir/ValueSet/referencerange-meaning,4.0.1,draft,"2.16.840.1.113883.4.642.3.397",ObservationReferenceRangeMeaningCodes,Observation Reference Range Meaning Codes,"This value set defines a set of codes that can be used to indicate the meaning/use of a reference range for a particular target population.","StructureDefinition/agrosus-resultado-laboratorial","THO"
http://hl7.org/fhir/ValueSet/request-intent,4.0.1,draft,"2.16.840.1.113883.4.642.3.113",RequestIntent,RequestIntent,"Codes indicating the degree of authority/intentionality associated with a request.","StructureDefinition/agrosus-solicitacao-exame","hl7.fhir.r4.core"
http://hl7.org/fhir/ValueSet/request-status,4.0.1,draft,"2.16.840.1.113883.4.642.3.111",RequestStatus,RequestStatus,"Codes identifying the lifecycle stage of a request.","StructureDefinition/agrosus-plano-acompanhamento,StructureDefinition/agrosus-solicitacao-exame","hl7.fhir.r4.core"
http://hl7.org/fhir/ValueSet/resource-types,4.0.1,active,"2.16.840.1.113883.4.642.3.27",ResourceType,ResourceType,"One of the resource types defined as part of this version of FHIR.","StructureDefinition/agrosus-resultado-laboratorial,StructureDefinition/agrosus-ubs,StructureDefinition/agrosus-acs,StructureDefinition/agrosus-laboratorio,StructureDefinition/agrosus-patient,StructureDefinition/agrosus-intoxicacao-pesticida,StructureDefinition/agrosus-profissional-ubs","hl7.fhir.r4.core"
http://hl7.org/fhir/ValueSet/search-entry-mode,4.0.1,active,"2.16.840.1.113883.4.642.3.622",SearchEntryMode,SearchEntryMode,"Why an entry is in the result set - whether it's included as a match or because of an _include requirement, or to convey information or warning information about the search process.","StructureDefinition/agrosus-transacao-visita","hl7.fhir.r4.core"
http://hl7.org/fhir/ValueSet/security-labels,4.0.1,active,"2.16.840.1.113883.4.642.3.47",All Security Labels,SecurityLabels,"A single value set for all security labels defined by FHIR.","StructureDefinition/agrosus-audit-event",
http://hl7.org/fhir/ValueSet/security-role-type,4.0.1,draft,"2.16.840.1.113883.4.642.3.978",SecurityRoleType,SecurityRoleType,"This example FHIR value set is comprised of example Actor Type codes, which can be used to value FHIR agents, actors, and other role         elements such as those specified in financial transactions. The FHIR Actor value set is based on    DICOM Audit Message, C402;   ASTM Standard, E1762-95 [2013]; selected codes and          derived actor roles from HL7 RoleClass OID 2.16.840.1.113883.5.110;    HL7 Role Code 2.16.840.1.113883.5.111, including AgentRoleType;          HL7 ParticipationType OID: 2.16.840.1.113883.5.90; and    HL7 ParticipationFunction codes OID: 2.16.840.1.113883.5.88.           This value set includes, by reference, role codes from external code systems: NUCC Health Care Provider Taxonomy OID: 2.16.840.1.113883.6.101;          North American Industry Classification System [NAICS]OID: 2.16.840.1.113883.6.85; IndustryClassificationSystem 2.16.840.1.113883.1.11.16039;          and US Census Occupation Code OID: 2.16.840.1.113883.6.243 for relevant recipient or custodian codes not included in this value set.            If no source is indicated in the definition comments, then these are example FHIR codes.          It can be extended with appropriate roles described by SNOMED as well as those described in the HL7 Role Based Access Control Catalog and the          HL7 Healthcare (Security and Privacy) Access Control Catalog.            In Role-Based Access Control (RBAC), permissions are operations on an object that a user wishes to access. Permissions are grouped into roles.          A role characterizes the functions a user is allowed to perform. Roles are assigned to users. If the user's role has the appropriate permissions          to access an object, then that user is granted access to the object. FHIR readily enables RBAC, as FHIR Resources are object types and the CRUDE          events (the FHIR equivalent to permissions in the RBAC scheme) are operations on those objects.          In Attribute-Based Access Control (ABAC), a user requests to perform operations on objects. That user's access request is granted or denied          based on a set of access control policies that are specified in terms of attributes and conditions. FHIR readily enables ABAC, as instances of          a Resource in FHIR (again, Resources are object types) can have attributes associated with them. These attributes include security tags,          environment conditions, and a host of user and object characteristics, which are the same attributes as those used in ABAC. Attributes help          define the access control policies that determine the operations a user may perform on a Resource (in FHIR) or object (in ABAC). For example,          a tag (or attribute) may specify that the identified Resource (object) is not to be further disclosed without explicit consent from the patient.","StructureDefinition/agrosus-audit-event,StructureDefinition/agrosus-provenance","THO (V3),THO,DICOM"
http://hl7.org/fhir/ValueSet/servicerequest-orderdetail,4.0.1,draft,"2.16.840.1.113883.4.642.3.435",ServiceRequestOrderDetailsCodes,Service Request Order Details Codes,"An example value set of Codified order entry details concepts.  These concepts only make sense in the context of what is being ordered.  This example is for a patient ventilation order","StructureDefinition/agrosus-solicitacao-exame","SCT"
http://terminology.hl7.org/ValueSet/v2-0092,3.0.0,active,"2.16.840.1.113883.21.40",Hl7VSReAdmissionIndicator,hl7VS-re-admissionIndicator,"Value Set of codes which are used to specify that a patient is being re-admitted to a healthcare facility from which they were discharged, and indicates the circumstances around such re-admission.","StructureDefinition/agrosus-visita-acs,StructureDefinition/agrosus-atendimento-ubs","THO (V2)"
http://terminology.hl7.org/ValueSet/v3-ActEncounterCode,3.0.0,active,"2.16.840.1.113883.1.11.13955",ActEncounterCode,ActEncounterCode,"Domain provides codes that qualify the ActEncounterClass (ENC)","StructureDefinition/agrosus-visita-acs,StructureDefinition/agrosus-atendimento-ubs","THO (V3)"
http://terminology.hl7.org/ValueSet/v3-PurposeOfUse,3.1.0,active,"2.16.840.1.113883.1.11.20448",PurposeOfUse,PurposeOfUse,"Supports communication of purpose of use at a general level.","StructureDefinition/agrosus-audit-event,StructureDefinition/agrosus-provenance","THO (V3)"
http://terminology.hl7.org/ValueSet/v3-ServiceDeliveryLocationRoleType,3.0.0,active,"2.16.840.1.113883.1.11.17660",ServiceDeliveryLocationRoleType,ServiceDeliveryLocationRoleType,"A role of a place that further classifies the setting (e.g., accident site, road side, work site, community location) in which services are delivered.","StructureDefinition/agrosus-solicitacao-exame","THO (V3)"
https://jefersonrl.github.io/AgroSUS-FHIR/ValueSet/agrosus-armazenamento-epi,0.1.0,active,,AgroSUSArmazenamentoEPIVS,Local de armazenamento dos EPIs,"Locais utilizados para o armazenamento dos equipamentos de proteção individual.","Questionnaire/agrosus-anamnese","Internal"
https://jefersonrl.github.io/AgroSUS-FHIR/ValueSet/agrosus-armazenamento-registros,0.1.0,active,,AgroSUSArmazenamentoRegistrosVS,Formas de armazenamento dos registros,"Formas utilizadas para armazenar os registros das aplicações de defensivos agrícolas.","Questionnaire/agrosus-anamnese","Internal"
https://jefersonrl.github.io/AgroSUS-FHIR/ValueSet/agrosus-atividade-agricola,0.1.0,draft,,AgroSUSAtividadeAgricolaVS,Principal Atividade Agrícola,"Principais atividades desenvolvidas na propriedade rural.","Questionnaire/agrosus-anamnese","Internal"
https://jefersonrl.github.io/AgroSUS-FHIR/ValueSet/agrosus-avaliacao-boas-praticas,0.1.0,active,,AgroSUSAvaliacaoBoasPraticasVS,Respostas dos indicadores de boas práticas,"Respostas permitidas para cada indicador de boa prática agrícola.","Questionnaire/agrosus-anamnese","Internal"
https://jefersonrl.github.io/AgroSUS-FHIR/ValueSet/agrosus-categoria-plano-cuidado,0.1.0,active,,AgroSUSCategoriaPlanoCuidadoVS,Categorias de Plano de Cuidado AgroSUS,"Categorias permitidas para os planos de acompanhamento AgroSUS.","StructureDefinition/agrosus-plano-acompanhamento","Internal"
https://jefersonrl.github.io/AgroSUS-FHIR/ValueSet/agrosus-classificacao-toxicologica,0.1.0,draft,,AgroSUSClassificacaoToxicologicaVS,Classificação Toxicológica de Defensivos Agrícolas,"Categorias toxicológicas permitidas no formulário AgroSUS.","Questionnaire/agrosus-anamnese","Internal"
https://jefersonrl.github.io/AgroSUS-FHIR/ValueSet/agrosus-condicao-saude-referida,0.1.0,active,,AgroSUSCondicaoSaudeReferidaVS,Condições de saúde referidas,"Condições de saúde preexistentes declaradas pelo trabalhador durante a anamnese.","Questionnaire/agrosus-anamnese","Internal"
https://jefersonrl.github.io/AgroSUS-FHIR/ValueSet/agrosus-destinacao-embalagens-nao-devolvidas,0.1.0,active,,AgroSUSDestinacaoEmbalagensNaoDevolvidasVS,Destinação de embalagens não devolvidas,"Formas de destinação das embalagens vazias quando não ocorre devolução em local autorizado.","Questionnaire/agrosus-anamnese","Internal"
https://jefersonrl.github.io/AgroSUS-FHIR/ValueSet/agrosus-dias-aplicacao-mes,0.1.0,active,,AgroSUSDiasAplicacaoMesVS,Dias de aplicação por mês,"Faixas de frequência mensal de aplicação de defensivos agrícolas.","Questionnaire/agrosus-anamnese","Internal"
https://jefersonrl.github.io/AgroSUS-FHIR/ValueSet/agrosus-equipamento-aplicacao,0.1.0,active,,AgroSUSEquipamentoAplicacaoVS,Equipamentos utilizados na aplicação,"Tipos de equipamento utilizados na aplicação de defensivos agrícolas.","Questionnaire/agrosus-anamnese","Internal"
https://jefersonrl.github.io/AgroSUS-FHIR/ValueSet/agrosus-escolaridade,0.1.0,draft,,AgroSUSEscolaridadeVS,Escolaridade AgroSUS,"Categorias permitidas para escolaridade no formulário AgroSUS.","Questionnaire/agrosus-anamnese","Internal"
https://jefersonrl.github.io/AgroSUS-FHIR/ValueSet/agrosus-exames-laboratoriais,0.1.0,draft,,AgroSUSExamesLaboratoriaisVS,Exames Laboratoriais AgroSUS,"Exames e painéis laboratoriais previstos para o acompanhamento assistencial dos trabalhadores rurais no AgroSUS.","StructureDefinition/agrosus-laudo-laboratorial,StructureDefinition/agrosus-solicitacao-exame","LOINC"
https://jefersonrl.github.io/AgroSUS-FHIR/ValueSet/agrosus-familiares-auxiliam-aplicacao,0.1.0,active,,AgroSUSFamiliaresAuxiliamAplicacaoVS,Familiares que auxiliam na aplicação,"Familiares que auxiliam o trabalhador rural na aplicação de defensivos agrícolas.","Questionnaire/agrosus-anamnese","Internal"
https://jefersonrl.github.io/AgroSUS-FHIR/ValueSet/agrosus-fonte-agua,0.1.0,draft,,AgroSUSFonteAguaVS,Fonte de Água da Propriedade,"Fontes de água utilizadas na propriedade rural.","Questionnaire/agrosus-anamnese","Internal"
https://jefersonrl.github.io/AgroSUS-FHIR/ValueSet/agrosus-formacao-responsavel-tecnico,0.1.0,draft,,AgroSUSFormacaoResponsavelTecnicoVS,Formação do Responsável Técnico,"Formações profissionais previstas para o responsável técnico da produção.","Questionnaire/agrosus-anamnese","Internal"
https://jefersonrl.github.io/AgroSUS-FHIR/ValueSet/agrosus-frequencia-uso-epi,0.1.0,active,,AgroSUSFrequenciaUsoEPIVS,Frequência de utilização de EPI,"Frequência declarada de utilização de cada equipamento de proteção individual.","Questionnaire/agrosus-anamnese","Internal"
https://jefersonrl.github.io/AgroSUS-FHIR/ValueSet/agrosus-horas-aplicacao-dia,0.1.0,active,,AgroSUSHorasAplicacaoDiaVS,Horas de aplicação por dia,"Faixas de duração diária da aplicação de defensivos agrícolas.","Questionnaire/agrosus-anamnese","Internal"
https://jefersonrl.github.io/AgroSUS-FHIR/ValueSet/agrosus-instituicao-assistencia,0.1.0,draft,,AgroSUSInstituicaoAssistenciaVS,Instituição de Assistência Técnica,"Instituições que podem prestar assistência técnica ao produtor rural.","Questionnaire/agrosus-anamnese","Internal"
https://jefersonrl.github.io/AgroSUS-FHIR/ValueSet/agrosus-intoxicacao-pesticida,0.1.0,active,,AgroSUSIntoxicacaoPesticidaVS,Intoxicação por pesticidas AgroSUS,"Códigos CID-10 utilizados para representar suspeita ou confirmação clínica de efeito tóxico de pesticidas.","StructureDefinition/agrosus-intoxicacao-pesticida","br.gov.saude.terminologia.fhir"
https://jefersonrl.github.io/AgroSUS-FHIR/ValueSet/agrosus-local-armazenamento-defensivos,0.1.0,active,,AgroSUSLocalArmazenamentoDefensivosVS,Local de armazenamento dos defensivos agrícolas,"Locais onde os defensivos agrícolas são armazenados na propriedade.","Questionnaire/agrosus-anamnese","Internal"
https://jefersonrl.github.io/AgroSUS-FHIR/ValueSet/agrosus-mes-maior-intensidade,0.1.0,active,,AgroSUSMesMaiorIntensidadeVS,Meses de maior intensidade de uso,"Meses do ano com maior intensidade de utilização de defensivos agrícolas.","Questionnaire/agrosus-anamnese","Internal"
https://jefersonrl.github.io/AgroSUS-FHIR/ValueSet/agrosus-motivo-nao-uso-epi,0.1.0,active,,AgroSUSMotivoNaoUsoEPIVS,Motivos de não utilização de EPI,"Motivos declarados para a não utilização dos equipamentos de proteção individual.","Questionnaire/agrosus-anamnese","Internal"
https://jefersonrl.github.io/AgroSUS-FHIR/ValueSet/agrosus-numero-intoxicacoes-agudas,0.1.0,active,,AgroSUSNumeroIntoxicacoesAgudasVS,Número de intoxicações agudas anteriores,"Faixas para registro do número autorreferido de episódios anteriores de intoxicação aguda.","Questionnaire/agrosus-anamnese","Internal"
https://jefersonrl.github.io/AgroSUS-FHIR/ValueSet/agrosus-ocupacao-acs,0.1.0,active,,AgroSUSOcupacaoACSVS,Ocupações permitidas para o ACS no AgroSUS,"Ocupações da Classificação Brasileira de Ocupações permitidas para o profissional que aplica a anamnese AgroSUS.","StructureDefinition/agrosus-acs-role","br.gov.saude.terminologia.fhir"
https://jefersonrl.github.io/AgroSUS-FHIR/ValueSet/agrosus-ocupacao-profissional-ubs,0.1.0,active,,AgroSUSOcupacaoProfissionalUBSVS,Ocupações dos profissionais assistenciais da UBS,"Ocupações CBO permitidas para profissionais assistenciais que utilizam o dashboard AgroSUS na Unidade Básica de Saúde.","StructureDefinition/agrosus-profissional-ubs-role","br.gov.saude.terminologia.fhir"
https://jefersonrl.github.io/AgroSUS-FHIR/ValueSet/agrosus-prioridade-alerta,0.1.0,draft,,AgroSUSPrioridadeAlertaVS,Prioridade de Alerta AgroSUS,"Níveis de prioridade permitidos para os alertas da lógica de decisão do AgroSUS.",,"Internal"
https://jefersonrl.github.io/AgroSUS-FHIR/ValueSet/agrosus-responsavel-aplicacao,0.1.0,active,,AgroSUSResponsavelAplicacaoVS,Responsável pela aplicação,"Pessoas ou organizações que realizam a aplicação dos defensivos agrícolas.","Questionnaire/agrosus-anamnese","Internal"
https://jefersonrl.github.io/AgroSUS-FHIR/ValueSet/agrosus-resultados-laboratoriais,0.1.0,draft,,AgroSUSResultadosLaboratoriaisVS,Resultados Laboratoriais AgroSUS,"Biomarcadores laboratoriais utilizados no acompanhamento assistencial dos trabalhadores rurais no AgroSUS.","StructureDefinition/agrosus-resultado-laboratorial","LOINC"
https://jefersonrl.github.io/AgroSUS-FHIR/ValueSet/agrosus-sintoma-ultimos-30-dias,0.1.0,active,,AgroSUSSintomaUltimos30DiasVS,Sinais e sintomas dos últimos 30 dias,"Sinais e sintomas investigados pelo formulário AgroSUS, sem significado diagnóstico isolado.",,"Internal"
https://jefersonrl.github.io/AgroSUS-FHIR/ValueSet/agrosus-situacao-posse,0.1.0,draft,,AgroSUSSituacaoPosseVS,Situação de Posse da Terra,"Situações de posse da propriedade rural.","Questionnaire/agrosus-anamnese","Internal"
https://jefersonrl.github.io/AgroSUS-FHIR/ValueSet/agrosus-temas-capacitacao,0.1.0,draft,,AgroSUSTemasCapacitacaoVS,Temas de Capacitação AgroSUS,"Temas que podem ser selecionados no registro de capacitação do trabalhador rural.","Questionnaire/agrosus-anamnese","Internal"
https://jefersonrl.github.io/AgroSUS-FHIR/ValueSet/agrosus-tipo-coleta,0.1.0,draft,,AgroSUSTipoColetaVS,Tipos de Coleta AgroSUS,"Modalidades permitidas para aplicação do formulário AgroSUS.","Questionnaire/agrosus-anamnese","Internal"
https://jefersonrl.github.io/AgroSUS-FHIR/ValueSet/agrosus-tipo-producao,0.1.0,draft,,AgroSUSTipoProducaoVS,Tipo de Produção Agrícola,"Tipos de produção utilizados na propriedade rural.","Questionnaire/agrosus-anamnese","Internal"
https://jefersonrl.github.io/AgroSUS-FHIR/ValueSet/agrosus-via-exposicao,0.1.0,active,,AgroSUSViaExposicaoVS,Vias de exposição,"Vias mais comuns de exposição aos defensivos agrícolas.","Questionnaire/agrosus-anamnese","Internal"
https://terminologia.saude.gov.br/fhir/ValueSet/BRAtendimentoPrestado,1.0.0,active,,BRAtendimentoPrestado,BR Atendimento Prestado,"","StructureDefinition/agrosus-visita-acs,StructureDefinition/agrosus-atendimento-ubs","br.gov.saude.terminologia.fhir"
https://terminologia.saude.gov.br/fhir/ValueSet/BRCIAP2,1.0.0,active,,BRCIAP2,BRCIAP 2,"","StructureDefinition/agrosus-visita-acs,StructureDefinition/agrosus-atendimento-ubs","br.gov.saude.terminologia.fhir"
https://terminologia.saude.gov.br/fhir/ValueSet/BRCOREN,1.0.0,draft,,BRCOREN,Conselhos regionais de Enfermagem do Brasil,"Conjunto de todos os conselhos regionais de enfermagem do Brasil","StructureDefinition/agrosus-acs,StructureDefinition/agrosus-profissional-ubs","br.gov.saude.terminologia.fhir"
https://terminologia.saude.gov.br/fhir/ValueSet/BRCRF,1.0.0,draft,,BRCRF,Conselhos regionais de Farmácia do Brasil,"Conjunto de todos os conselhos regionais de farmácia do Brasil","StructureDefinition/agrosus-acs,StructureDefinition/agrosus-profissional-ubs","br.gov.saude.terminologia.fhir"
https://terminologia.saude.gov.br/fhir/ValueSet/BRCRM,1.0.0,draft,,BRCRM,Conselhos regionais de Medicina do Brasil,"Conjunto de todos os conselhos regionais de medicina do Brasil","StructureDefinition/agrosus-acs,StructureDefinition/agrosus-profissional-ubs","br.gov.saude.terminologia.fhir"
https://terminologia.saude.gov.br/fhir/ValueSet/BRCRO,1.0.0,draft,,BRCRO,Conselhos regionais de Odontologia do Brasil,"Conjunto de todos os conselhos regionais de farmácia do Brasil","StructureDefinition/agrosus-acs,StructureDefinition/agrosus-profissional-ubs","br.gov.saude.terminologia.fhir"
https://terminologia.saude.gov.br/fhir/ValueSet/BRCaraterAtendimento,1.0.0,active,,BRCaraterAtendimento,BR Carater Atendimento,"","StructureDefinition/agrosus-visita-acs,StructureDefinition/agrosus-atendimento-ubs","br.gov.saude.terminologia.fhir"
https://terminologia.saude.gov.br/fhir/ValueSet/BRCaraterAtendimentoMIRA,1.0.0,active,,BRCaraterAtendimentoMIRA,BR Carater Atendimento MIRA,"","StructureDefinition/agrosus-solicitacao-exame","hl7.fhir.r4.core"
https://terminologia.saude.gov.br/fhir/ValueSet/BRCategoriaProcedimento,1.0.0,active,,BRCategoriaProcedimento,BR Categoria Procedimento,"","StructureDefinition/agrosus-solicitacao-exame","br.gov.saude.terminologia.fhir,Other"
https://terminologia.saude.gov.br/fhir/ValueSet/BRModalidadeAssistencial,1.0.0,active,,BRModalidadeAssistencial,BR Modalidade Assistencial,"","StructureDefinition/agrosus-visita-acs,StructureDefinition/agrosus-atendimento-ubs","br.gov.saude.terminologia.fhir"
https://terminologia.saude.gov.br/fhir/ValueSet/BRMotivoDesfecho,1.0.0,active,,BRMotivoDesfecho,BR Motivo Desfecho,"","StructureDefinition/agrosus-visita-acs,StructureDefinition/agrosus-atendimento-ubs","br.gov.saude.terminologia.fhir"
https://terminologia.saude.gov.br/fhir/ValueSet/BROcupacao,1.0.0,active,,BROcupacao,BR Ocupacao,"","StructureDefinition/agrosus-acs,Questionnaire/agrosus-anamnese,StructureDefinition/agrosus-acs-role,StructureDefinition/agrosus-profissional-ubs-role,StructureDefinition/agrosus-profissional-ubs","br.gov.saude.terminologia.fhir"
https://terminologia.saude.gov.br/fhir/ValueSet/BROutrosProfissionais,1.0.0,draft,,BROutrosProfissionais,Conselhos regionais de outros profissionais da saúde do Brasil,"Conjunto de todos os conselhos regionais de outros profissionais da saúde do Brasil","StructureDefinition/agrosus-acs,StructureDefinition/agrosus-profissional-ubs","br.gov.saude.terminologia.fhir"
https://terminologia.saude.gov.br/fhir/ValueSet/BRProcedencia,1.0.0,active,,BRProcedencia,BR Procedencia,"","StructureDefinition/agrosus-visita-acs,StructureDefinition/agrosus-atendimento-ubs","br.gov.saude.terminologia.fhir"
https://terminologia.saude.gov.br/fhir/ValueSet/BRRacaCor,1.0.0,active,,BRRacaCor,BR Raca Cor,"","Questionnaire/agrosus-anamnese","br.gov.saude.terminologia.fhir"
https://terminologia.saude.gov.br/fhir/ValueSet/BRReasonEncounter,1.0.0,active,,BRReasonEncounter,BR Reason Encounter,"","StructureDefinition/agrosus-visita-acs,StructureDefinition/agrosus-atendimento-ubs","br.gov.saude.terminologia.fhir"
https://terminologia.saude.gov.br/fhir/ValueSet/BRResponsabilidadeParticipante,1.0.0,active,,BRResponsabilidadeParticipante,BR Responsabilidade Participante,"","StructureDefinition/agrosus-visita-acs,StructureDefinition/agrosus-atendimento-ubs","br.gov.saude.terminologia.fhir"
https://terminologia.saude.gov.br/fhir/ValueSet/BRServicoEspecializado,1.0.0,active,,BRServicoEspecializado,BR Servico Especializado,"","StructureDefinition/agrosus-visita-acs,StructureDefinition/agrosus-laudo-laboratorial,StructureDefinition/agrosus-atendimento-ubs","br.gov.saude.terminologia.fhir"
https://terminologia.saude.gov.br/fhir/ValueSet/BRSubgrupoTabelaSUS,1.0.0,active,,BRSubgrupoTabelaSUS,BR Subgrupo Tabela SUS,"","StructureDefinition/agrosus-plano-acompanhamento","br.gov.saude.terminologia.fhir"
https://terminologia.saude.gov.br/fhir/ValueSet/BRTipoDocumentoIndividuo,1.0.0,active,,BRTipoDocumentoIndividuo,BR Tipo Documento Individuo,"","StructureDefinition/agrosus-acs,StructureDefinition/agrosus-patient,StructureDefinition/agrosus-profissional-ubs","br.gov.saude.terminologia.fhir,THO (V2)"
https://terminologia.saude.gov.br/fhir/ValueSet/BRTipoEstabelecimentoSaude,1.0.0,active,,BRTipoEstabelecimentoSaude,BR Tipo Estabelecimento Saude,"","StructureDefinition/agrosus-ubs,StructureDefinition/agrosus-laboratorio","br.gov.saude.terminologia.fhir"
